{"status":200,"message":"OK","shopperId":"xxxxxxxx","shopCarts":[{"shopId":"797aee60-4a9c-11e3-a4d1-005056ae7bc9","items":[{"merchantId":"79776bf0-4a9c-11e3-a4d1-005056ae7bc9","itemId":"66f235ee-4ec5-11e3-8096-005056af6d6c","itemVariantId":"66f23600-4ec5-11e3-8096-005056af6d6c","price":"60550","currency":"IDR","quantities":1}]},{"shopId":"b18a69d0-e16d-11e3-bdff-005056b72280","items":[{"merchantId":"b184c480-e16d-11e3-bdff-005056b72280","itemId":"514ba970-e952-11e3-90eb-005056b71c1c","itemVariantId":"514bd088-e952-11e3-90eb-005056b71c1c","price":"216000","currency":"IDR","quantities":3},{"merchantId":"b184c480-e16d-11e3-bdff-005056b72280","itemId":"c11d2a40-e1ae-11e3-a9a6-005056b74432","itemVariantId":"c11d2a48-e1ae-11e3-a9a6-005056b74432","price":"209000","currency":"IDR","quantities":1}]},{"shopId":"53845850-a5db-11e3-a049-005056b77283","items":[{"merchantId":"537f4f40-a5db-11e3-af8a-005056b73ef4","itemId":"9e4d2ed0-ae72-11e3-bb8c-005056b77167","itemVariantId":"9e4d2ed7-ae72-11e3-bb8c-005056b77167","price":"40000","currency":"IDR","quantities":1}]}]}
