{"status":200,"resources":[{"name":"shop/get","response":{"shop":{"mallId":"id","shopUrl":"biglilkids","shopNumber":"0011277","isTest":false,"companyRegistrationNumber":"00.000.000.0-000.000","isInquiryAccepted":true,"isPrimaryShop":true,"emailAddress":"biglilkids@gmail.com","addresses":[{"addressId":"797bb1b0-4a9c-11e3-a4d1-005056ae7bc9","name":"shopper","address1":"Jl.Petojo Barat No.9","city":"Kota Jakarta Pusat","province":"DKI Jakarta","postalCode":"10130","countryCode":"ID","country":{"code":"ID","name":{"value":"Indonesia"}}}],"contactPhones":[{"shopContactId":"797bffd0-4a9c-11e3-a4d1-005056ae7bc9","name":"shopper","countryCode":"ID","phoneNumber":"081807001528","emailAddress":"biglilkids@gmail.com"},{"shopContactId":"799999f0-4a9c-11e3-a4d1-005056ae7bc9","name":"rakutenstaff","countryCode":"ID","phoneNumber":"","emailAddress":"leonihang@gmail.com"}],"contactFaxs":[{"shopContactId":"9ebc0550-4a9d-11e3-a4d1-005056ae7bc9","name":"shopper","countryCode":"ID","faxNumber":""}],"contract":{"contractId":"797c7500-4a9c-11e3-a4d1-005056ae7bc9","name":"Plan6 5.0%","contractPlanType":"CUSTOM","feePercent":"5.00","maxItemCount":"1000","maxStorageDb":"250","services":{"rmail":{"isActive":true}},"liveStartTime":"2013-11-11 06:42:46"},"merchantId":"79776bf0-4a9c-11e3-a4d1-005056ae7bc9","shopId":"797aee60-4a9c-11e3-a4d1-005056ae7bc9","countryCode":"ID","languageCode":"id_ID","currencyCode":"IDR","timeZone":{"timeZoneId":"e7956b93-a92c-11e1-ba29-005056c00008","timeZoneSerializedValue":"Asia/Jakarta"},"name":{"value":"Big Lil' Kids"},"status":{"statusId":"e9b260a7-902e-4ca2-b404-9192b67b78e8","name":"Live","accountOpenTime":"2013-11-11 06:42:46","shopOpenTime":"2013-11-12 04:36:31","lastModifiedTime":"2013-12-07 01:45:09"}},"status":200}},{"name":"shop-item/get","response":{"status":200,"shopItem":{"itemId":"66f235ee-4ec5-11e3-8096-005056af6d6c","merchantId":"79776bf0-4a9c-11e3-a4d1-005056ae7bc9","shopId":"797aee60-4a9c-11e3-a4d1-005056ae7bc9","baseSku":"AB1b","name":"Listening to Ipod Cool Kids T-Shirt (Baju Atasan Ipod Keren Anak)","tagline":"New Arrival","descriptionHtml":"<img src=\"http://intl.rakuten-static.com/i/79776bf0-4a9c-11e3-a4d1-005056ae7bc9/20131129/3777063b-22b0-486a-b721-09fa42b53003.jpg\"><br>\r\nKaos keren beraksen sablon headphones dan ipod, dengan kantong kecil di bagian depan bawah kanan. Berbahan kaos, dan dengan 4 pilihan warna keren, sangat cocok untuk anak modern masa kini.<br><br><img src=\"http://intl.rakuten-static.com/i/79776bf0-4a9c-11e3-a4d1-005056ae7bc9/20131127/1b47ef96-2d69-4a56-a0ad-36e933c860f2.gif\"><br><span style=\"font-style: normal;\">&#160;&#160;<a href=\"http://www.rakuten.co.id/shop/biglilkids/product/AB1a/\"><img src=\"http://intl.rakuten-static.com/i/79776bf0-4a9c-11e3-a4d1-005056ae7bc9/20131128/074d73a1-7eb4-43d9-b1e5-b3f002d2ffbe.jpg\"></a></span><a href=\"http://www.rakuten.co.id/shop/biglilkids/product/AB1c/\" style=\"text-decoration: underline; font-style: normal; outline: 0px;\"><img src=\"http://intl.rakuten-static.com/i/79776bf0-4a9c-11e3-a4d1-005056ae7bc9/20131128/3da76cc2-1354-4994-b790-f7bbd6afab33.jpg\"></a><br><br><span style=\"font-style: normal;\">&#160;&#160;&#160;</span><br><br><span style=\"font-style: normal;\">&#160;</span><span style=\"font-style: normal;\">&#160;&#160;</span><img src=\"http://intl.rakuten-static.com/i/79776bf0-4a9c-11e3-a4d1-005056ae7bc9/20131122/e6187006-576a-4b87-8ff9-d36d3ed90188.gif\"><br><span style=\"font-style: normal;\">&#160;</span><a href=\"http://www.rakuten.co.id/shop/biglilkids/product/G1a/\" style=\"font-style: normal;\"><img src=\"http://intl.rakuten-static.com/i/79776bf0-4a9c-11e3-a4d1-005056ae7bc9/20131128/d9df9912-79f9-4688-8f9a-03f4b1931daf.jpg\"></a><span style=\"font-style: normal;\">&#160;</span><span style=\"font-style: normal;\">&#160;</span><a href=\"http://www.rakuten.co.id/shop/biglilkids/product/A18d/\" style=\"font-style: normal;\"><img src=\"http://intl.rakuten-static.com/i/79776bf0-4a9c-11e3-a4d1-005056ae7bc9/20131128/3c135388-b4dd-4a40-adf6-c651769d004d.jpg\"></a><span style=\"font-style: normal;\">&#160;&#160;</span><a href=\"http://www.rakuten.co.id/shop/biglilkids/product/B1b/\" style=\"font-style: normal;\"><img src=\"http://intl.rakuten-static.com/i/79776bf0-4a9c-11e3-a4d1-005056ae7bc9/20131128/e04adf6c-71f6-4ae6-aecc-12aaf1b0f5fc.jpg\"></a><span style=\"font-style: normal;\">&#160;</span><a href=\"http://www.rakuten.co.id/shop/biglilkids/product/A11a/\" style=\"font-style: normal;\"><img src=\"http://intl.rakuten-static.com/i/79776bf0-4a9c-11e3-a4d1-005056ae7bc9/20131128/2d988a4c-aef8-4a5e-b449-2554edf404a5.jpg\"></a><span style=\"font-style: normal;\">&#160;&#160;</span><a href=\"http://www.rakuten.co.id/shop/biglilkids/product/C4a/\" style=\"font-style: normal;\"><img src=\"http://intl.rakuten-static.com/i/79776bf0-4a9c-11e3-a4d1-005056ae7bc9/20131128/17873180-7f0d-488e-8e3f-f6818e929696.jpg\"></a>&#160;<a href=\"http://www.rakuten.co.id/shop/biglilkids/product/AH4a/\"><img src=\"http://intl.rakuten-static.com/i/79776bf0-4a9c-11e3-a4d1-005056ae7bc9/20131128/f81fdcb6-fa89-49bf-ae4c-71ad23c99570.jpg\"></a><br><br>","brand":"Big Lil' Kids","duration":{"liveStartTime":"1970-01-01 00:00:00.000","liveEndTime":"9999-12-31 23:59:59.000"},"searchableStartTime":"1970-01-01 00:00:00.000","shippingStartTime":"1970-01-01 00:00:00.000","rakutenCategoryId":177,"shopCategories":[{"shopCategoryId":"632e5b80-4cde-11e3-a5c4-005056ae4a97","shopCategoryKey":"unisex","displayName":"Unisex"},{"shopCategoryId":"a5bc47b0-4cdd-11e3-af32-005056ae393a","shopCategoryKey":"boys-top","displayName":"Boys Top"},{"shopCategoryId":"c9bee0a0-4cdd-11e3-af32-005056ae393a","shopCategoryKey":"girls-top","displayName":"Girls Top"}],"images":[{"location":"http://intl.rakuten-static.com/t/79776bf0-4a9c-11e3-a4d1-005056ae7bc9/20131122/0006503e-c3f0-4c79-8eee-9e5cf7e1b074.jpg","alt":"Listening to Ipod Cool Kids T-Shirt (Baju Atasan Ipod Keren Anak) 0"},{"location":"http://intl.rakuten-static.com/t/79776bf0-4a9c-11e3-a4d1-005056ae7bc9/20131122/4a2be2b4-32ea-4e5b-a2c0-d33313fa4a10.jpg","alt":"Listening to Ipod Cool Kids T-Shirt (Baju Atasan Ipod Keren Anak) 1"},{"location":"http://intl.rakuten-static.com/t/79776bf0-4a9c-11e3-a4d1-005056ae7bc9/20131122/e824b47e-8667-4228-8713-5062ff37084a.jpg","alt":"Listening to Ipod Cool Kids T-Shirt (Baju Atasan Ipod Keren Anak) 2"},{"location":"http://intl.rakuten-static.com/t/79776bf0-4a9c-11e3-a4d1-005056ae7bc9/20131122/ff1f6ff8-0a6b-461e-acda-743f632f87c9.jpg","alt":"Listening to Ipod Cool Kids T-Shirt (Baju Atasan Ipod Keren Anak) 3"},{"location":"http://intl.rakuten-static.com/t/79776bf0-4a9c-11e3-a4d1-005056ae7bc9/20131122/f8352504-85a5-4f5a-b5c1-604c20241cae.jpg","alt":"Listening to Ipod Cool Kids T-Shirt (Baju Atasan Ipod Keren Anak) 4"}],"variantLabels":["Color","Size"],"variants":[{"itemVariantId":"66f235f2-4ec5-11e3-8096-005056af6d6c","sku":"AB1b-Fuschia-90","gran":"102079868814","shippingWeight":{"unitCode":"g","value":"100"},"defaultPricing":{"currencyCode":"IDR","price":"60550","originalPrice":"86500"},"variantValues":["Fuschia","90"],"quantity":{"value":2,"unlimited":false}},{"itemVariantId":"66f235f9-4ec5-11e3-8096-005056af6d6c","sku":"AB1b-Fuschia-100","gran":"676732442794","shippingWeight":{"unitCode":"g","value":"100"},"defaultPricing":{"currencyCode":"IDR","price":"60550","originalPrice":"86500"},"variantValues":["Fuschia","100"],"quantity":{"value":0,"unlimited":false}},{"itemVariantId":"66f23600-4ec5-11e3-8096-005056af6d6c","sku":"AB1b-Fuschia-110","gran":"952578053654","shippingWeight":{"unitCode":"g","value":"100"},"defaultPricing":{"currencyCode":"IDR","price":"60550","originalPrice":"86500"},"variantValues":["Fuschia","110"],"quantity":{"value":2,"unlimited":false}},{"itemVariantId":"66f23607-4ec5-11e3-8096-005056af6d6c","sku":"AB1b-Fuschia-120","gran":"360557237128","shippingWeight":{"unitCode":"g","value":"100"},"defaultPricing":{"currencyCode":"IDR","price":"60550","originalPrice":"86500"},"variantValues":["Fuschia","120"],"quantity":{"value":2,"unlimited":false}},{"itemVariantId":"66f2360e-4ec5-11e3-8096-005056af6d6c","sku":"AB1b-Fuschia-130","gran":"734682798444","shippingWeight":{"unitCode":"g","value":"100"},"defaultPricing":{"currencyCode":"IDR","price":"60550","originalPrice":"86500"},"variantValues":["Fuschia","130"],"quantity":{"value":1,"unlimited":false}}],"lastModified":"2014-02-27 06:26:11.000","rakutenCategory":{"rakutenCategoryId":177},"campaigns":[{"campaignId":"33aa5300-cdb2-11e3-8a14-005056b76644","name":{"value":"Discount after First submit Rate"},"campaignType":"SHOP_COUPON","liveStartTime":"2014-04-27 04:00:00.000","liveEndTime":"2014-07-26 16:59:59.000","discount":{"discountType":"PERCENT_OFF","value":"5"},"parameters":{"couponCode":"MIO1-JZZG-GTBQ-DHGE","minimumSpend":"10527","isMemberOnly":true,"reuseLimit":"0","isVisible":false,"rewardLimit":"1000000"}},{"campaignId":"48291f90-0daf-11e4-af58-005056b7552c","name":{"value":"Lebaran Sale 18 July 5x SP"},"campaignType":"MALL_POINT","campaignUrl":"http://www.rakuten.co.id/","liveStartTime":"2014-07-17 17:00:00.000","liveEndTime":"2014-07-18 16:59:59.000","discount":{"discountType":"POINT_RATE","value":"4","pointExpiryTime":"2014-08-18 16:59:59.999"},"shopIds":["797aee60-4a9c-11e3-a4d1-005056ae7bc9"]},{"campaignId":"8446ad30-05a3-11e4-9db6-005056b7511b","name":{"value":"Test Kupon"},"campaignType":"SHOP_COUPON","liveStartTime":"2014-07-07 16:00:00.000","liveEndTime":"2014-07-31 16:59:59.000","discount":{"discountType":"PERCENT_OFF","value":"50"},"parameters":{"couponCode":"VX3A-HDQR-D0FH-5JQC","minimumSpend":"50000","isMemberOnly":true,"reuseLimit":"0","isVisible":true,"rewardLimit":"500000"}},{"campaignId":"ca83b250-00fa-11e4-bbb9-005056b75cba","name":{"value":"retest"},"campaignType":"SHOP_COUPON","liveStartTime":"2014-07-01 10:00:00.000","liveEndTime":"2014-07-31 16:59:59.000","discount":{"discountType":"PERCENT_OFF","value":"30"},"parameters":{"couponCode":"3MFR-W07E-AZJI-KVI2","minimumSpend":"100000","isMemberOnly":true,"reuseLimit":"0","isVisible":true,"rewardLimit":"100000"}},{"campaignId":"ce50d9f0-f072-11e3-b930-005056b71f92","name":{"value":"Voucher 50RB"},"campaignType":"SHOP_COUPON","liveStartTime":"2014-06-10 09:00:00.000","liveEndTime":"2014-07-31 16:59:59.000","discount":{"discountType":"AMOUNT_OFF","value":"50000"},"parameters":{"couponCode":"C4O9-2ZCX-ZESS-RE3P","minimumSpend":"100000","isMemberOnly":true,"reuseLimit":"0","isVisible":false}},{"campaignId":"f69f4d60-f072-11e3-aa80-005056b710aa","name":{"value":"Voucher 20RB"},"campaignType":"SHOP_COUPON","liveStartTime":"2014-06-10 09:00:00.000","liveEndTime":"2014-07-31 16:59:59.000","discount":{"discountType":"AMOUNT_OFF","value":"20000"},"parameters":{"couponCode":"N6RF-59GR-HXN8-NADL","minimumSpend":"100000","isMemberOnly":true,"reuseLimit":"0","isVisible":false}},{"campaignId":"49cdd6c0-d1d6-11e3-8912-005056b732c5","name":{"value":"New Free shipping 300rb"},"campaignType":"SHOP_SHIPPING","liveStartTime":"2014-05-02 10:00:00.000","liveEndTime":"2014-08-31 16:59:59.000","minimumSpend":"300000","discount":{"discountType":"PERCENT_OFF","value":"100"},"shopShippingMethodIds":["79ccb7e0-4a9c-11e3-9df3-005056ae659b"]},{"campaignId":"639ceb80-fc48-11e3-8a2d-005056b70142","name":{"value":"Lebaran 30% 4-18Juli"},"campaignType":"SHOP_ITEM","liveStartTime":"2014-07-03 17:00:00.000","liveEndTime":"2014-07-21 16:59:59.000","discount":{"discountType":"PERCENT_OFF","value":"30"},"itemIds":["66f235ee-4ec5-11e3-8096-005056af6d6c"],"parameters":{"isPrivate":false}},{"campaignId":"f9d08d80-f830-11e3-9a7b-005056b72c64","name":{"value":"RBO Free Shipping"},"campaignType":"SHOP_SHIPPING","liveStartTime":"2014-06-20 06:00:00.000","liveEndTime":"2014-07-21 16:59:59.000","minimumSpend":"50000","discount":{"discountType":"PERCENT_OFF","value":"100"},"shopShippingMethodIds":["36c764e0-dac0-11e3-aaca-005056b77fa1"]}],"shopShippingMethods":[{"shippingMethodId":"54947df8-0e9e-4471-a2f9-9af509fb58co","shopShippingMethodId":"79d2ab50-4a9c-11e3-a4d1-005056ae7bc9","name":"COD (Cash/Card on Delivery)","nameMultiLang":{"value":"COD (Cash/Card on Delivery)"},"isDomestic":true,"isIntl":false},{"shippingMethodId":"86835bb8-eec0-2154-8d14-c79aefa3224e","shopShippingMethodId":"36c764e0-dac0-11e3-aaca-005056b77fa1","name":"Rakuten Belanja Online Free Shipping (Sent by JNE/CARAKA/NCS)","nameMultiLang":{"value":"Rakuten Belanja Online Free Shipping (Sent by JNE/CARAKA/NCS)"},"isDomestic":true,"isIntl":false},{"shippingMethodId":"f2b14a8d-19f1-48e1-a810-241696477e17","shopShippingMethodId":"79ccb7e0-4a9c-11e3-9df3-005056ae659b","name":"JNE/Caraka/NCS","nameMultiLang":{"value":"JNE/Caraka/NCS"},"isDomestic":true,"isIntl":false}],"shopPaymentMethods":[{"shopPaymentMethodId":"79ae3360-4a9c-11e3-9df3-005056ae659b","name":"Transfer Bank","nameMultiLang":{"id_ID":"Transfer Bank","value":"Transfer Bank"},"priority":"1","isDefaultPurchase":true},{"shopPaymentMethodId":"79b6e5f0-4a9c-11e3-9df3-005056ae659b","name":"Mandiri Clickpay","nameMultiLang":{"value":"Mandiri Clickpay"},"priority":"3","isDefaultPurchase":true},{"shopPaymentMethodId":"79b474f0-4a9c-11e3-9df3-005056ae659b","name":"COD (Cash/Card on Delivery)","nameMultiLang":{"value":"COD (Cash/Card on Delivery)"},"priority":"2","isDefaultPurchase":false},{"shopPaymentMethodId":"79b9a510-4a9c-11e3-9df3-005056ae659b","name":"Kartu Kredit","nameMultiLang":{"value":"Kartu Kredit"},"priority":"4","isDefaultPurchase":true},{"shopPaymentMethodId":"79bba0e0-4a9c-11e3-a4d1-005056ae7bc9","name":"Kartu Debit Visa Mandiri","nameMultiLang":{"value":"Kartu Debit Visa Mandiri"},"priority":"5","isDefaultPurchase":true},{"shopPaymentMethodId":"79b0f280-4a9c-11e3-9df3-005056ae659b","name":"KlikBCA","nameMultiLang":{"id_ID":"KlikBCA","value":"KlikBCA"},"priority":"0","isDefaultPurchase":true}]}}},{"name":"shop/get","response":{"shop":{"mallId":"id","shopUrl":"lombergbags","shopNumber":"0014822","isTest":false,"isInquiryAccepted":true,"isPrimaryShop":true,"emailAddress":"lombergbags@gmail.com","addresses":[{"addressId":"a7f62f90-e171-11e3-9d9a-005056b7462b","name":"rakutenstaff","description":"","address1":"Taman Alfa Indah B4/17, Joglo, Kembangan, Jakarta Barat","city":"Kota Jakarta Barat","province":"DKI Jakarta","postalCode":"11640","countryCode":"ID","country":{"code":"ID","name":{"value":"Indonesia"}}},{"addressId":"b18b2d20-e16d-11e3-bdff-005056b72280","name":"shopper","address1":"Taman Alfa Indah B4/17 Joglo, Kembangan","city":"Kota Jakarta Barat","province":"DKI Jakarta","postalCode":"00000","countryCode":"ID","country":{"code":"ID","name":{"value":"Indonesia"}}}],"contactPhones":[{"shopContactId":"b18b7b40-e16d-11e3-bdff-005056b72280","name":"shopper","countryCode":"ID","phoneNumber":"083870006851","emailAddress":"lombergbags@gmail.com"},{"shopContactId":"b1958d60-e16d-11e3-9d9a-005056b7462b","name":"rakutenstaff","countryCode":"ID","phoneNumber":"083870006851","emailAddress":"lombergbags@gmail.com"}],"contactFaxs":[{"shopContactId":"b18bc960-e16d-11e3-bdff-005056b72280","name":"shopper","countryCode":"ID","faxNumber":"00000"}],"contract":{"contractId":"b18c3e90-e16d-11e3-bdff-005056b72280","name":"6","contractPlanType":"CUSTOM","feePercent":"5.00","maxItemCount":"1000","maxStorageDb":"250","services":{"rmail":{"isActive":true}},"liveStartTime":"2014-05-22 04:58:19"},"merchantId":"b184c480-e16d-11e3-bdff-005056b72280","shopId":"b18a69d0-e16d-11e3-bdff-005056b72280","countryCode":"ID","languageCode":"id_ID","currencyCode":"IDR","timeZone":{"timeZoneId":"e7956b93-a92c-11e1-ba29-005056c00008","timeZoneSerializedValue":"Asia/Jakarta"},"name":{"value":"lomberg bags"},"status":{"statusId":"e9b260a7-902e-4ca2-b404-9192b67b78e8","name":"Live","accountOpenTime":"2014-05-22 04:58:19","shopOpenTime":"2014-05-23 14:23:59","lastModifiedTime":"2014-05-23 14:18:59"}},"status":200}},{"name":"shop-item/get","response":{"status":200,"shopItem":{"itemId":"514ba970-e952-11e3-90eb-005056b71c1c","merchantId":"b184c480-e16d-11e3-bdff-005056b72280","shopId":"b18a69d0-e16d-11e3-bdff-005056b72280","baseSku":"MALACCANAVY","name":"Tas Rucksack Denim Lomberg Malacca Navy","tagline":"Dry Denim Rucksack","descriptionHtml":"<div style=\"font-family: Arial, 'Helvetica Neue', Helvetica, sans-serif; color: rgb(0, 0, 0); line-height: normal; font-size: 15px; text-align: center;\">Lomberg Malacca Rucksack terbuat dari bahan dry denim navy 12oz.<br>\r\nCocok untuk digunakan dalam segala aktifitas.&#160;</div>\r\n\r\n<div style=\"font-family: Arial, 'Helvetica Neue', Helvetica, sans-serif; color: rgb(0, 0, 0); line-height: normal; font-size: 15px; text-align: center;\">&#160;</div>\r\n\r\n<div style=\"font-family: Arial, 'Helvetica Neue', Helvetica, sans-serif; color: rgb(0, 0, 0); line-height: normal; font-size: 15px; text-align: center;\">\n<b>Specification :</b><br>\r\n&#160;</div>\r\n\r\n<div style=\"font-family: Arial, 'Helvetica Neue', Helvetica, sans-serif; color: rgb(0, 0, 0); line-height: normal; font-size: 15px; text-align: center;\">\r\n<div style=\"font-family: Arial, 'Helvetica Neue', Helvetica, sans-serif;\">\n<b>Width x Height x Depth</b><br>\r\n32 x 44 x 13 cm</div>\r\n\r\n<div style=\"font-family: Arial, 'Helvetica Neue', Helvetica, sans-serif;\">&#160;</div>\r\n</div>\r\n\r\n<div style=\"font-family: Arial, 'Helvetica Neue', Helvetica, sans-serif; color: rgb(0, 0, 0); line-height: normal; font-size: 15px; text-align: center;\">Made with dry denim navy 12oz</div>\r\n\r\n<div style=\"font-family: Arial, 'Helvetica Neue', Helvetica, sans-serif; color: rgb(0, 0, 0); line-height: normal; font-size: 15px; text-align: center;\">&#160;</div>\r\n\r\n<div style=\"font-family: Arial, 'Helvetica Neue', Helvetica, sans-serif; color: rgb(0, 0, 0); line-height: normal; font-size: 15px; text-align: center;\">2 side pockets that can fit 750ml bottle</div>\r\n\r\n<div style=\"font-family: Arial, 'Helvetica Neue', Helvetica, sans-serif; color: rgb(0, 0, 0); line-height: normal; font-size: 15px; text-align: center;\">&#160;</div>\r\n\r\n<div style=\"font-family: Arial, 'Helvetica Neue', Helvetica, sans-serif; color: rgb(0, 0, 0); line-height: normal; font-size: 15px; text-align: center;\">Laptop inside up to 15\" inch</div>\r\n\r\n<div style=\"font-family: Arial, 'Helvetica Neue', Helvetica, sans-serif; color: rgb(0, 0, 0); line-height: normal; font-size: 15px; text-align: center;\">&#160;</div>\r\n\r\n<div style=\"font-family: Arial, 'Helvetica Neue', Helvetica, sans-serif; color: rgb(0, 0, 0); line-height: normal; font-size: 15px; text-align: center;\">Roomy internal storage</div>\r\n\r\n<div style=\"font-family: Arial, 'Helvetica Neue', Helvetica, sans-serif; color: rgb(0, 0, 0); line-height: normal; font-size: 15px; text-align: center;\">&#160;</div>\r\n\r\n<div style=\"font-family: Arial, 'Helvetica Neue', Helvetica, sans-serif; color: rgb(0, 0, 0); line-height: normal; font-size: 15px; text-align: center;\">Waterproof material that can resist downpour</div>\r\n\r\n<div style=\"font-family: Arial, 'Helvetica Neue', Helvetica, sans-serif; color: rgb(0, 0, 0); line-height: normal; font-size: 15px; text-align: center;\">&#160;</div>\r\n\r\n<div style=\"font-family: Arial, 'Helvetica Neue', Helvetica, sans-serif; color: rgb(0, 0, 0); line-height: normal; font-size: 15px; text-align: center;\">Thick foam in bag straps to makes the user feel comfortable</div>\r\n","brand":"Lomberg Bags","isInventoryHidden":true,"inventoryHidden":true,"duration":{"liveStartTime":"1970-01-01 00:00:00.000","liveEndTime":"9999-12-31 23:59:59.000"},"searchableStartTime":"1970-01-01 00:00:00.000","shippingStartTime":"1970-01-01 00:00:00.000","rakutenCategoryId":19,"shopCategories":[{"shopCategoryId":"d6e5a460-e1ae-11e3-86df-005056b701a0","shopCategoryKey":"rucksack","displayName":"Rucksack"}],"images":[{"location":"http://intl.rakuten-static.com/t/b184c480-e16d-11e3-bdff-005056b72280/20140601//c39fbaed-6dfe-4712-9432-f8657285bf4a.jpg","alt":"Tas Rucksack Denim Lomberg Malacca Navy 0"},{"location":"http://intl.rakuten-static.com/t/b184c480-e16d-11e3-bdff-005056b72280/20140601//5d67f7c7-4ea6-4e25-9bef-fc30c68ac9f7.jpg","alt":"Tas Rucksack Denim Lomberg Malacca Navy 1"},{"location":"http://intl.rakuten-static.com/t/b184c480-e16d-11e3-bdff-005056b72280/20140601//26c0a1a8-ac54-447b-af22-7634f4256778.jpg","alt":"Tas Rucksack Denim Lomberg Malacca Navy 2"},{"location":"http://intl.rakuten-static.com/t/b184c480-e16d-11e3-bdff-005056b72280/20140601//ce538ee8-5266-4e94-a66f-33c32bf61cf5.jpg","alt":"Tas Rucksack Denim Lomberg Malacca Navy 3"},{"location":"http://intl.rakuten-static.com/t/b184c480-e16d-11e3-bdff-005056b72280/20140601//4ddee23f-76e4-44a6-b4df-ef25914671f6.jpg","alt":"Tas Rucksack Denim Lomberg Malacca Navy 4"}],"variants":[{"itemVariantId":"514bd088-e952-11e3-90eb-005056b71c1c","sku":"MALACCANAVY","gran":"308465515319","shippingWeight":{"unitCode":"g","value":"700"},"shippingDimension":{"unitCode":"cm","width":"32","height":"44","length":"13"},"defaultPricing":{"currencyCode":"IDR","price":"216000","originalPrice":"270000"},"quantity":{"value":8,"unlimited":false}}],"lastModified":"2014-06-19 12:16:07.000","rakutenCategory":{"rakutenCategoryId":19},"campaigns":[{"campaignId":"33aa5300-cdb2-11e3-8a14-005056b76644","name":{"value":"Discount after First submit Rate"},"campaignType":"SHOP_COUPON","liveStartTime":"2014-04-27 04:00:00.000","liveEndTime":"2014-07-26 16:59:59.000","discount":{"discountType":"PERCENT_OFF","value":"5"},"parameters":{"couponCode":"MIO1-JZZG-GTBQ-DHGE","minimumSpend":"10527","isMemberOnly":true,"reuseLimit":"0","isVisible":false,"rewardLimit":"1000000"}},{"campaignId":"48291f90-0daf-11e4-af58-005056b7552c","name":{"value":"Lebaran Sale 18 July 5x SP"},"campaignType":"MALL_POINT","campaignUrl":"http://www.rakuten.co.id/","liveStartTime":"2014-07-17 17:00:00.000","liveEndTime":"2014-07-18 16:59:59.000","discount":{"discountType":"POINT_RATE","value":"4","pointExpiryTime":"2014-08-18 16:59:59.999"},"shopIds":["b18a69d0-e16d-11e3-bdff-005056b72280"]},{"campaignId":"8446ad30-05a3-11e4-9db6-005056b7511b","name":{"value":"Test Kupon"},"campaignType":"SHOP_COUPON","liveStartTime":"2014-07-07 16:00:00.000","liveEndTime":"2014-07-31 16:59:59.000","discount":{"discountType":"PERCENT_OFF","value":"50"},"parameters":{"couponCode":"VX3A-HDQR-D0FH-5JQC","minimumSpend":"50000","isMemberOnly":true,"reuseLimit":"0","isVisible":true,"rewardLimit":"500000"}},{"campaignId":"ca83b250-00fa-11e4-bbb9-005056b75cba","name":{"value":"retest"},"campaignType":"SHOP_COUPON","liveStartTime":"2014-07-01 10:00:00.000","liveEndTime":"2014-07-31 16:59:59.000","discount":{"discountType":"PERCENT_OFF","value":"30"},"parameters":{"couponCode":"3MFR-W07E-AZJI-KVI2","minimumSpend":"100000","isMemberOnly":true,"reuseLimit":"0","isVisible":true,"rewardLimit":"100000"}},{"campaignId":"ce50d9f0-f072-11e3-b930-005056b71f92","name":{"value":"Voucher 50RB"},"campaignType":"SHOP_COUPON","liveStartTime":"2014-06-10 09:00:00.000","liveEndTime":"2014-07-31 16:59:59.000","discount":{"discountType":"AMOUNT_OFF","value":"50000"},"parameters":{"couponCode":"C4O9-2ZCX-ZESS-RE3P","minimumSpend":"100000","isMemberOnly":true,"reuseLimit":"0","isVisible":false}},{"campaignId":"f69f4d60-f072-11e3-aa80-005056b710aa","name":{"value":"Voucher 20RB"},"campaignType":"SHOP_COUPON","liveStartTime":"2014-06-10 09:00:00.000","liveEndTime":"2014-07-31 16:59:59.000","discount":{"discountType":"AMOUNT_OFF","value":"20000"},"parameters":{"couponCode":"N6RF-59GR-HXN8-NADL","minimumSpend":"100000","isMemberOnly":true,"reuseLimit":"0","isVisible":false}},{"campaignId":"1a5cbff0-029b-11e4-95d9-005056b715b0","name":{"value":"Lebaran Sale 2014"},"campaignType":"SHOP_ITEM","liveStartTime":"2014-07-03 17:00:00.000","liveEndTime":"2014-07-18 16:59:59.000","discount":{"discountType":"PERCENT_OFF","value":"20"},"itemIds":["514ba970-e952-11e3-90eb-005056b71c1c"],"parameters":{"isPrivate":false}},{"campaignId":"53e9ad70-e26e-11e3-982c-005056b75ff9","name":{"value":"FREE SHIPPING"},"campaignType":"SHOP_SHIPPING","liveStartTime":"2014-05-23 16:00:00.000","liveEndTime":"2014-08-31 16:59:59.000","minimumSpend":"300000","discount":{"discountType":"PERCENT_OFF","value":"100"},"shopShippingMethodIds":["b1dfdcd0-e16d-11e3-8196-005056b71cb6"]},{"campaignId":"ffdac130-f82d-11e3-8a2d-005056b70142","name":{"value":"RBO Free Shipping june - july"},"campaignType":"SHOP_SHIPPING","liveStartTime":"2014-06-20 05:00:00.000","liveEndTime":"2014-07-21 16:59:59.000","minimumSpend":"50000","discount":{"discountType":"PERCENT_OFF","value":"100"},"shopShippingMethodIds":["b1e979c0-e16d-11e3-9d37-005056b704c7"]}],"shopShippingMethods":[{"shippingMethodId":"54947df8-0e9e-4471-a2f9-9af509fb58co","shopShippingMethodId":"b1e4bed0-e16d-11e3-9d7a-005056b72d6d","name":"COD (Cash/Card on Delivery)","nameMultiLang":{"value":"COD (Cash/Card on Delivery)"},"isDomestic":true,"isIntl":false},{"shippingMethodId":"86835bb8-eec0-2154-8d14-c79aefa3224e","shopShippingMethodId":"b1e979c0-e16d-11e3-9d37-005056b704c7","name":"Rakuten Belanja Online Free Shipping (Sent by JNE/CARAKA/NCS)","nameMultiLang":{"value":"Rakuten Belanja Online Free Shipping (Sent by JNE/CARAKA/NCS)"},"isDomestic":true,"isIntl":false},{"shippingMethodId":"f2b14a8d-19f1-48e1-a810-241696477e17","shopShippingMethodId":"b1dfdcd0-e16d-11e3-8196-005056b71cb6","name":"JNE/Caraka/NCS","nameMultiLang":{"value":"JNE/Caraka/NCS"},"isDomestic":true,"isIntl":false}],"shopPaymentMethods":[{"shopPaymentMethodId":"b1bb16c0-e16d-11e3-b812-005056b72ef3","name":"Kartu Debit Visa Mandiri","nameMultiLang":{"value":"Kartu Debit Visa Mandiri"},"priority":"5","isDefaultPurchase":true},{"shopPaymentMethodId":"b1b857a0-e16d-11e3-8196-005056b71cb6","name":"Kartu Kredit","nameMultiLang":{"value":"Kartu Kredit"},"priority":"4","isDefaultPurchase":true},{"shopPaymentMethodId":"b1b5e6a0-e16d-11e3-9d7a-005056b72d6d","name":"Mandiri Clickpay","nameMultiLang":{"value":"Mandiri Clickpay"},"priority":"3","isDefaultPurchase":true},{"shopPaymentMethodId":"b1b2d960-e16d-11e3-9d7a-005056b72d6d","name":"COD (Cash/Card on Delivery)","nameMultiLang":{"value":"COD (Cash/Card on Delivery)"},"priority":"2","isDefaultPurchase":false},{"shopPaymentMethodId":"b1aff330-e16d-11e3-9d7a-005056b72d6d","name":"KlikBCA","nameMultiLang":{"id_ID":"KlikBCA","value":"KlikBCA"},"priority":"0","isDefaultPurchase":true},{"shopPaymentMethodId":"b1add050-e16d-11e3-8196-005056b71cb6","name":"Transfer Bank","nameMultiLang":{"id_ID":"Transfer Bank","value":"Transfer Bank"},"priority":"1","isDefaultPurchase":true}]}}},{"name":"shop-item/get","response":{"status":200,"shopItem":{"itemId":"c11d2a40-e1ae-11e3-a9a6-005056b74432","merchantId":"b184c480-e16d-11e3-bdff-005056b72280","shopId":"b18a69d0-e16d-11e3-bdff-005056b72280","baseSku":"OLiVENAVY","name":"Tas Rucksack Denim Lomberg Olive Navy","tagline":"Dry Denim Rucksack","descriptionHtml":"<div style=\"font-family: Arial, 'Helvetica Neue', Helvetica, sans-serif; color: rgb(0, 0, 0); line-height: normal; font-size: 15px; text-align: center;\">Lomberg &#160;Olive Rucksack terbuat dari bahan dry denim navy12oz.<br>\r\nCocok untuk digunakan dalam segala aktifitas.&#160;</div>\r\n\r\n<div style=\"font-family: Arial, 'Helvetica Neue', Helvetica, sans-serif; color: rgb(0, 0, 0); line-height: normal; font-size: 15px; text-align: center;\">&#160;</div>\r\n\r\n<div style=\"font-family: Arial, 'Helvetica Neue', Helvetica, sans-serif; color: rgb(0, 0, 0); line-height: normal; font-size: 15px; text-align: center;\">\n<b>Specification :</b><br>\r\n&#160;</div>\r\n\r\n<div style=\"font-family: Arial, 'Helvetica Neue', Helvetica, sans-serif; color: rgb(0, 0, 0); line-height: normal; font-size: 15px; text-align: center;\">\r\n<div style=\"font-family: Arial, 'Helvetica Neue', Helvetica, sans-serif; color: rgb(0, 0, 0); font-size: 15px; line-height: normal; text-align: center;\">\n<b>Width x Height x Depth</b><br>\r\n28 x 40 x 10 cm</div>\r\n\r\n<div style=\"font-family: Arial, 'Helvetica Neue', Helvetica, sans-serif; color: rgb(0, 0, 0); font-size: 15px; line-height: normal; text-align: center;\">&#160;</div>\r\n</div>\r\n\r\n<div style=\"font-family: Arial, 'Helvetica Neue', Helvetica, sans-serif; color: rgb(0, 0, 0); line-height: normal; font-size: 15px; text-align: center;\">Made with dry denim navy 12oz</div>\r\n\r\n<div style=\"font-family: Arial, 'Helvetica Neue', Helvetica, sans-serif; color: rgb(0, 0, 0); line-height: normal; font-size: 15px; text-align: center;\">&#160;</div>\r\n\r\n<div style=\"font-family: Arial, 'Helvetica Neue', Helvetica, sans-serif; color: rgb(0, 0, 0); line-height: normal; font-size: 15px; text-align: center;\">2 side pockets that can fit 750ml bottle</div>\r\n\r\n<div style=\"font-family: Arial, 'Helvetica Neue', Helvetica, sans-serif; color: rgb(0, 0, 0); line-height: normal; font-size: 15px; text-align: center;\">&#160;</div>\r\n\r\n<div style=\"font-family: Arial, 'Helvetica Neue', Helvetica, sans-serif; color: rgb(0, 0, 0); line-height: normal; font-size: 15px; text-align: center;\">Laptop inside up to 14\" inch</div>\r\n\r\n<div style=\"font-family: Arial, 'Helvetica Neue', Helvetica, sans-serif; color: rgb(0, 0, 0); line-height: normal; font-size: 15px; text-align: center;\">&#160;</div>\r\n\r\n<div style=\"font-family: Arial, 'Helvetica Neue', Helvetica, sans-serif; color: rgb(0, 0, 0); line-height: normal; font-size: 15px; text-align: center;\">Roomy internal storage</div>\r\n\r\n<div style=\"font-family: Arial, 'Helvetica Neue', Helvetica, sans-serif; color: rgb(0, 0, 0); line-height: normal; font-size: 15px; text-align: center;\">&#160;</div>\r\n\r\n<div style=\"font-family: Arial, 'Helvetica Neue', Helvetica, sans-serif; color: rgb(0, 0, 0); line-height: normal; font-size: 15px; text-align: center;\">Waterproof material that can resist downpour</div>\r\n\r\n<div style=\"font-family: Arial, 'Helvetica Neue', Helvetica, sans-serif; color: rgb(0, 0, 0); line-height: normal; font-size: 15px; text-align: center;\">&#160;</div>\r\n\r\n<div style=\"font-family: Arial, 'Helvetica Neue', Helvetica, sans-serif; color: rgb(0, 0, 0); line-height: normal; font-size: 15px; text-align: center;\">Thick foam in bag straps to makes the user feel comfortable</div>\r\n","brand":"Lomberg Bags","isInventoryHidden":true,"inventoryHidden":true,"duration":{"liveStartTime":"1970-01-01 00:00:00.000","liveEndTime":"9999-12-31 23:59:59.000"},"searchableStartTime":"1970-01-01 00:00:00.000","shippingStartTime":"1970-01-01 00:00:00.000","rakutenCategoryId":30,"shopCategories":[{"shopCategoryId":"c2c10d80-e172-11e3-ae0a-005056b71daa","shopCategoryKey":"backpack","displayName":"Backpack"},{"shopCategoryId":"d6e5a460-e1ae-11e3-86df-005056b701a0","shopCategoryKey":"rucksack","displayName":"Rucksack"}],"images":[{"location":"http://intl.rakuten-static.com/t/b184c480-e16d-11e3-bdff-005056b72280/20140522/a922a3a1-ac7b-4500-9700-f6054ea0ec64.jpg","alt":"Tas Rucksack Denim Lomberg Olive Navy 0"},{"location":"http://intl.rakuten-static.com/t/b184c480-e16d-11e3-bdff-005056b72280/20140522/5674263a-7795-4730-9e2e-c2df1b4ec69d.jpg","alt":"Tas Rucksack Denim Lomberg Olive Navy 1"},{"location":"http://intl.rakuten-static.com/t/b184c480-e16d-11e3-bdff-005056b72280/20140522/760e2dcd-1902-4c89-995e-dab67fc1a790.jpg","alt":"Tas Rucksack Denim Lomberg Olive Navy 2"},{"location":"http://intl.rakuten-static.com/t/b184c480-e16d-11e3-bdff-005056b72280/20140522/d0f36336-e3d0-4273-9e65-02efb6851de9.jpg","alt":"Tas Rucksack Denim Lomberg Olive Navy 3"},{"location":"http://intl.rakuten-static.com/t/b184c480-e16d-11e3-bdff-005056b72280/20140522/6695b004-dc66-41cf-ae77-e88af54702e3.jpg","alt":"Tas Rucksack Denim Lomberg Olive Navy 4"}],"variants":[{"itemVariantId":"c11d2a48-e1ae-11e3-a9a6-005056b74432","sku":"OLiVENAVY","gran":"826179471832","shippingWeight":{"unitCode":"g","value":"700"},"shippingDimension":{"unitCode":"cm","width":"28","height":"40","length":"10"},"defaultPricing":{"currencyCode":"IDR","price":"209000"},"quantity":{"value":9,"unlimited":false}}],"lastModified":"2014-07-02 04:46:01.000","rakutenCategory":{"rakutenCategoryId":30},"campaigns":[{"campaignId":"33aa5300-cdb2-11e3-8a14-005056b76644","name":{"value":"Discount after First submit Rate"},"campaignType":"SHOP_COUPON","liveStartTime":"2014-04-27 04:00:00.000","liveEndTime":"2014-07-26 16:59:59.000","discount":{"discountType":"PERCENT_OFF","value":"5"},"parameters":{"couponCode":"MIO1-JZZG-GTBQ-DHGE","minimumSpend":"10527","isMemberOnly":true,"reuseLimit":"0","isVisible":false,"rewardLimit":"1000000"}},{"campaignId":"48291f90-0daf-11e4-af58-005056b7552c","name":{"value":"Lebaran Sale 18 July 5x SP"},"campaignType":"MALL_POINT","campaignUrl":"http://www.rakuten.co.id/","liveStartTime":"2014-07-17 17:00:00.000","liveEndTime":"2014-07-18 16:59:59.000","discount":{"discountType":"POINT_RATE","value":"4","pointExpiryTime":"2014-08-18 16:59:59.999"},"shopIds":["b18a69d0-e16d-11e3-bdff-005056b72280"]},{"campaignId":"8446ad30-05a3-11e4-9db6-005056b7511b","name":{"value":"Test Kupon"},"campaignType":"SHOP_COUPON","liveStartTime":"2014-07-07 16:00:00.000","liveEndTime":"2014-07-31 16:59:59.000","discount":{"discountType":"PERCENT_OFF","value":"50"},"parameters":{"couponCode":"VX3A-HDQR-D0FH-5JQC","minimumSpend":"50000","isMemberOnly":true,"reuseLimit":"0","isVisible":true,"rewardLimit":"500000"}},{"campaignId":"ca83b250-00fa-11e4-bbb9-005056b75cba","name":{"value":"retest"},"campaignType":"SHOP_COUPON","liveStartTime":"2014-07-01 10:00:00.000","liveEndTime":"2014-07-31 16:59:59.000","discount":{"discountType":"PERCENT_OFF","value":"30"},"parameters":{"couponCode":"3MFR-W07E-AZJI-KVI2","minimumSpend":"100000","isMemberOnly":true,"reuseLimit":"0","isVisible":true,"rewardLimit":"100000"}},{"campaignId":"ce50d9f0-f072-11e3-b930-005056b71f92","name":{"value":"Voucher 50RB"},"campaignType":"SHOP_COUPON","liveStartTime":"2014-06-10 09:00:00.000","liveEndTime":"2014-07-31 16:59:59.000","discount":{"discountType":"AMOUNT_OFF","value":"50000"},"parameters":{"couponCode":"C4O9-2ZCX-ZESS-RE3P","minimumSpend":"100000","isMemberOnly":true,"reuseLimit":"0","isVisible":false}},{"campaignId":"f69f4d60-f072-11e3-aa80-005056b710aa","name":{"value":"Voucher 20RB"},"campaignType":"SHOP_COUPON","liveStartTime":"2014-06-10 09:00:00.000","liveEndTime":"2014-07-31 16:59:59.000","discount":{"discountType":"AMOUNT_OFF","value":"20000"},"parameters":{"couponCode":"N6RF-59GR-HXN8-NADL","minimumSpend":"100000","isMemberOnly":true,"reuseLimit":"0","isVisible":false}},{"campaignId":"53e9ad70-e26e-11e3-982c-005056b75ff9","name":{"value":"FREE SHIPPING"},"campaignType":"SHOP_SHIPPING","liveStartTime":"2014-05-23 16:00:00.000","liveEndTime":"2014-08-31 16:59:59.000","minimumSpend":"300000","discount":{"discountType":"PERCENT_OFF","value":"100"},"shopShippingMethodIds":["b1dfdcd0-e16d-11e3-8196-005056b71cb6"]}],"shopShippingMethods":[{"shippingMethodId":"f2b14a8d-19f1-48e1-a810-241696477e17","shopShippingMethodId":"b1dfdcd0-e16d-11e3-8196-005056b71cb6","name":"JNE/Caraka/NCS","nameMultiLang":{"value":"JNE/Caraka/NCS"},"isDomestic":true,"isIntl":false},{"shippingMethodId":"54947df8-0e9e-4471-a2f9-9af509fb58co","shopShippingMethodId":"b1e4bed0-e16d-11e3-9d7a-005056b72d6d","name":"COD (Cash/Card on Delivery)","nameMultiLang":{"value":"COD (Cash/Card on Delivery)"},"isDomestic":true,"isIntl":false}],"shopPaymentMethods":[{"shopPaymentMethodId":"b1add050-e16d-11e3-8196-005056b71cb6","name":"Transfer Bank","nameMultiLang":{"id_ID":"Transfer Bank","value":"Transfer Bank"},"priority":"1","isDefaultPurchase":true},{"shopPaymentMethodId":"b1aff330-e16d-11e3-9d7a-005056b72d6d","name":"KlikBCA","nameMultiLang":{"id_ID":"KlikBCA","value":"KlikBCA"},"priority":"0","isDefaultPurchase":true},{"shopPaymentMethodId":"b1b2d960-e16d-11e3-9d7a-005056b72d6d","name":"COD (Cash/Card on Delivery)","nameMultiLang":{"value":"COD (Cash/Card on Delivery)"},"priority":"2","isDefaultPurchase":false},{"shopPaymentMethodId":"b1b5e6a0-e16d-11e3-9d7a-005056b72d6d","name":"Mandiri Clickpay","nameMultiLang":{"value":"Mandiri Clickpay"},"priority":"3","isDefaultPurchase":true},{"shopPaymentMethodId":"b1b857a0-e16d-11e3-8196-005056b71cb6","name":"Kartu Kredit","nameMultiLang":{"value":"Kartu Kredit"},"priority":"4","isDefaultPurchase":true},{"shopPaymentMethodId":"b1bb16c0-e16d-11e3-b812-005056b72ef3","name":"Kartu Debit Visa Mandiri","nameMultiLang":{"value":"Kartu Debit Visa Mandiri"},"priority":"5","isDefaultPurchase":true}]}}},{"name":"shop/get","response":{"shop":{"mallId":"id","shopUrl":"bunirah","shopNumber":"0013516","isTest":false,"companyRegistrationNumber":"00.000.000.0-000.000","isInquiryAccepted":true,"isPrimaryShop":true,"emailAddress":"bunirahspices@gmail.com","addresses":[{"addressId":"5384cd80-a5db-11e3-a049-005056b77283","name":"shopper","address1":"-","city":"Kota Jakarta Selatan","province":"DKI Jakarta","postalCode":"12310","countryCode":"ID","country":{"code":"ID","name":{"value":"Indonesia"}}}],"contactPhones":[{"shopContactId":"53851ba0-a5db-11e3-a049-005056b77283","name":"shopper","countryCode":"ID","phoneNumber":"082817073088","emailAddress":"bunirahspices@gmail.com"},{"shopContactId":"539c9b40-a5db-11e3-b209-005056b73196","name":"rakutenstaff","countryCode":"ID","phoneNumber":"","emailAddress":"inypranoto@gmail.com"}],"contactFaxs":[],"contract":{"contractId":"538590d0-a5db-11e3-a049-005056b77283","name":"Plan6","contractPlanType":"CUSTOM","feePercent":"5.00","maxItemCount":"1000","maxStorageDb":"250","services":{"rmail":{"isActive":true}},"liveStartTime":"2014-03-07 09:31:56"},"merchantId":"537f4f40-a5db-11e3-af8a-005056b73ef4","shopId":"53845850-a5db-11e3-a049-005056b77283","countryCode":"ID","languageCode":"id_ID","currencyCode":"IDR","timeZone":{"timeZoneId":"e7956b93-a92c-11e1-ba29-005056c00008","timeZoneSerializedValue":"Asia/Jakarta"},"name":{"value":"Bu Nirah"},"status":{"statusId":"e9b260a7-902e-4ca2-b404-9192b67b78e8","name":"Live","accountOpenTime":"2014-03-07 09:31:56","shopOpenTime":"2014-03-10 11:05:34","lastModifiedTime":"2014-03-21 08:44:52"}},"status":200}},{"name":"shop-item/get","response":{"status":200,"shopItem":{"itemId":"9e4d2ed0-ae72-11e3-bb8c-005056b77167","merchantId":"537f4f40-a5db-11e3-af8a-005056b73ef4","shopId":"53845850-a5db-11e3-a049-005056b77283","baseSku":"selerajatim","name":"Bu Nirah Selera Jatim (4 Pcs x Rp 12500)","descriptionHtml":"&#160;<br><br><img src=\"http://intl.rakuten-static.com/i/537f4f40-a5db-11e3-af8a-005056b73ef4/20140509/e86372a9-8b0a-4924-9163-3f44a21b3290.jpg\"><br><br><strong style=\"font-size: 16px;\">Isi Paket Terdiri dari 4 Rasa :</strong><br><strong style=\"font-size: 16px;\">1. Bumbu Opor<br>\r\n2. Ayam Goreng<br>\r\n3. Nasi Goreng<br>\r\n4. Bumbu Rujak</strong><br><br><br>\r\n&#160;","brand":"Bu Nirah","isInventoryHidden":true,"inventoryHidden":true,"duration":{"liveStartTime":"1970-01-01 00:00:00.000","liveEndTime":"9999-12-31 23:59:59.000"},"searchableStartTime":"1970-01-01 00:00:00.000","shippingStartTime":"1970-01-01 00:00:00.000","rakutenCategoryId":224,"shopCategories":[{"shopCategoryId":"343dc6d0-a80a-11e3-bb8c-005056b77167","shopCategoryKey":"bumbumasakan","displayName":"Kategori Bumbu Masak"},{"shopCategoryId":"65d8f9e0-cf87-11e3-9a4e-005056b76296","shopCategoryKey":"macam-rasa","displayName":"Paket Macam Rasa"}],"images":[{"location":"http://intl.rakuten-static.com/t/537f4f40-a5db-11e3-af8a-005056b73ef4/20140320/b18b7427-18a8-4fb0-92b8-e9140b150e00.jpg","alt":"Bu Nirah Selera Jatim (4 Pcs x Rp 12500) 0"},{"location":"http://intl.rakuten-static.com/t/537f4f40-a5db-11e3-af8a-005056b73ef4/20140318/5d71dc52-9787-4450-89c4-4d3ffcd7b5f7.jpg","alt":"Bu Nirah Selera Jatim (4 Pcs x Rp 12500) 1"},{"location":"http://intl.rakuten-static.com/t/537f4f40-a5db-11e3-af8a-005056b73ef4/20140320/2482a603-1aae-4309-ba91-d9e97502f9e7.jpg","alt":"Bu Nirah Selera Jatim (4 Pcs x Rp 12500) 2"}],"variants":[{"itemVariantId":"9e4d2ed7-ae72-11e3-bb8c-005056b77167","sku":"selerajatim","gran":"799463723912","shippingWeight":{"unitCode":"g","value":"2000"},"defaultPricing":{"currencyCode":"IDR","price":"40000","originalPrice":"50000"},"quantity":{"value":0,"unlimited":true}}],"lastModified":"2014-05-09 08:00:43.000","rakutenCategory":{"rakutenCategoryId":224},"campaigns":[{"campaignId":"33aa5300-cdb2-11e3-8a14-005056b76644","name":{"value":"Discount after First submit Rate"},"campaignType":"SHOP_COUPON","liveStartTime":"2014-04-27 04:00:00.000","liveEndTime":"2014-07-26 16:59:59.000","discount":{"discountType":"PERCENT_OFF","value":"5"},"parameters":{"couponCode":"MIO1-JZZG-GTBQ-DHGE","minimumSpend":"10527","isMemberOnly":true,"reuseLimit":"0","isVisible":false,"rewardLimit":"1000000"}},{"campaignId":"48291f90-0daf-11e4-af58-005056b7552c","name":{"value":"Lebaran Sale 18 July 5x SP"},"campaignType":"MALL_POINT","campaignUrl":"http://www.rakuten.co.id/","liveStartTime":"2014-07-17 17:00:00.000","liveEndTime":"2014-07-18 16:59:59.000","discount":{"discountType":"POINT_RATE","value":"4","pointExpiryTime":"2014-08-18 16:59:59.999"},"shopIds":["53845850-a5db-11e3-a049-005056b77283"]},{"campaignId":"8446ad30-05a3-11e4-9db6-005056b7511b","name":{"value":"Test Kupon"},"campaignType":"SHOP_COUPON","liveStartTime":"2014-07-07 16:00:00.000","liveEndTime":"2014-07-31 16:59:59.000","discount":{"discountType":"PERCENT_OFF","value":"50"},"parameters":{"couponCode":"VX3A-HDQR-D0FH-5JQC","minimumSpend":"50000","isMemberOnly":true,"reuseLimit":"0","isVisible":true,"rewardLimit":"500000"}},{"campaignId":"ca83b250-00fa-11e4-bbb9-005056b75cba","name":{"value":"retest"},"campaignType":"SHOP_COUPON","liveStartTime":"2014-07-01 10:00:00.000","liveEndTime":"2014-07-31 16:59:59.000","discount":{"discountType":"PERCENT_OFF","value":"30"},"parameters":{"couponCode":"3MFR-W07E-AZJI-KVI2","minimumSpend":"100000","isMemberOnly":true,"reuseLimit":"0","isVisible":true,"rewardLimit":"100000"}},{"campaignId":"ce50d9f0-f072-11e3-b930-005056b71f92","name":{"value":"Voucher 50RB"},"campaignType":"SHOP_COUPON","liveStartTime":"2014-06-10 09:00:00.000","liveEndTime":"2014-07-31 16:59:59.000","discount":{"discountType":"AMOUNT_OFF","value":"50000"},"parameters":{"couponCode":"C4O9-2ZCX-ZESS-RE3P","minimumSpend":"100000","isMemberOnly":true,"reuseLimit":"0","isVisible":false}},{"campaignId":"f69f4d60-f072-11e3-aa80-005056b710aa","name":{"value":"Voucher 20RB"},"campaignType":"SHOP_COUPON","liveStartTime":"2014-06-10 09:00:00.000","liveEndTime":"2014-07-31 16:59:59.000","discount":{"discountType":"AMOUNT_OFF","value":"20000"},"parameters":{"couponCode":"N6RF-59GR-HXN8-NADL","minimumSpend":"100000","isMemberOnly":true,"reuseLimit":"0","isVisible":false}},{"campaignId":"bd309920-fc0d-11e3-98a4-005056b71c49","name":{"value":"Event Lebaran : Discount 20% for all Products"},"campaignType":"SHOP_ITEM","liveStartTime":"2014-07-03 17:00:00.000","liveEndTime":"2014-07-21 16:59:59.000","discount":{"discountType":"PERCENT_OFF","value":"20"},"itemIds":["9e4d2ed0-ae72-11e3-bb8c-005056b77167"],"parameters":{"isPrivate":false}},{"campaignId":"cced1e10-f82f-11e3-9a7b-005056b72c64","name":{"value":"RBO Free Shipping"},"campaignType":"SHOP_SHIPPING","liveStartTime":"2014-06-20 06:00:00.000","liveEndTime":"2014-07-21 16:59:59.000","minimumSpend":"50000","discount":{"discountType":"PERCENT_OFF","value":"100"},"shopShippingMethodIds":["2542d600-dac0-11e3-a039-005056b73d69"]},{"campaignId":"efbd7220-d1db-11e3-8912-005056b732c5","name":{"value":"New Free shipping 300rb"},"campaignType":"SHOP_SHIPPING","liveStartTime":"2014-05-02 11:00:00.000","liveEndTime":"2014-08-31 16:59:59.000","minimumSpend":"300000","discount":{"discountType":"PERCENT_OFF","value":"100"},"shopShippingMethodIds":["53ca3af0-a5db-11e3-bb24-005056b73519"]}],"shopShippingMethods":[{"shippingMethodId":"f2b14a8d-19f1-48e1-a810-241696477e17","shopShippingMethodId":"53ca3af0-a5db-11e3-bb24-005056b73519","name":"JNE/Caraka/NCS","nameMultiLang":{"value":"JNE/Caraka/NCS"},"isDomestic":true,"isIntl":false},{"shippingMethodId":"86835bb8-eec0-2154-8d14-c79aefa3224e","shopShippingMethodId":"2542d600-dac0-11e3-a039-005056b73d69","name":"Rakuten Belanja Online Free Shipping (Sent by JNE/CARAKA/NCS)","nameMultiLang":{"value":"Rakuten Belanja Online Free Shipping (Sent by JNE/CARAKA/NCS)"},"isDomestic":true,"isIntl":false},{"shippingMethodId":"54947df8-0e9e-4471-a2f9-9af509fb58co","shopShippingMethodId":"53ccabf0-a5db-11e3-9f98-005056b77f3d","name":"COD (Cash/Card on Delivery)","nameMultiLang":{"value":"COD (Cash/Card on Delivery)"},"isDomestic":true,"isIntl":false}],"shopPaymentMethods":[{"shopPaymentMethodId":"53b3a5b0-a5db-11e3-a049-005056b77283","name":"Mandiri Clickpay","nameMultiLang":{"value":"Mandiri Clickpay"},"priority":"3","isDefaultPurchase":true},{"shopPaymentMethodId":"53afae10-a5db-11e3-af8a-005056b73ef4","name":"KlikBCA","nameMultiLang":{"id_ID":"KlikBCA","value":"KlikBCA"},"priority":"0","isDefaultPurchase":true},{"shopPaymentMethodId":"53b1a9e0-a5db-11e3-b209-005056b73196","name":"COD (Cash/Card on Delivery)","nameMultiLang":{"value":"COD (Cash/Card on Delivery)"},"priority":"2","isDefaultPurchase":false},{"shopPaymentMethodId":"53add950-a5db-11e3-bb24-005056b73519","name":"Transfer Bank","nameMultiLang":{"id_ID":"Transfer Bank","value":"Transfer Bank"},"priority":"1","isDefaultPurchase":true},{"shopPaymentMethodId":"53b74f30-a5db-11e3-b209-005056b73196","name":"Kartu Debit Visa Mandiri","nameMultiLang":{"value":"Kartu Debit Visa Mandiri"},"priority":"5","isDefaultPurchase":true}]}}}]}
